"6@a.com","true","false","false"
"a","b","c","d"
"p1@test.com","true","false","false"
"1","test@test.com","$2y$10$BVEYg.KHST4qTiexz8J91eS5NKpTHOnSyc8y/v","test","Childhood Name","test",
"2","test1@test.com","$2y$10$9yrKu6ZTilxtsI9g6xEnj.oomnr4ZLJQAiIEW5","test","Childhood Name","test",
"4","test2@test.com","$2y$10$xkRYg4LXceRGklNMb2KPleTjb2g11E1.a8Iqo9","test","Childhood Name","test",
"5","test3@test.com","asdfg","test","Childhood Name","test",
"6","t1@a.com","asdfg","t1","Childhood Name","t1","Math"
"7","t2@test.com","asdfg","test","Childhood Name","test","Math"
"8","t3@test.com","asdfg","test","Childhood Name","test","Math"
"9","t4@test.com","asdfg","test","Childhood Name","test","Math"
"10","t5@test.com","asdfg","test","Childhood Name","test","Math"
"11","t6@test.com","asdfg","test","Childhood Name","test","Math"
"12","t10@test.com","asdfg","test","Childhood Name","test","Math"
"13","1@a.com","asdfg","test","Childhood Name","test","Math"
"14","2@a.com","asdfg","test","Childhood Name","test","Math"
"15","3@a.com","asdfg","test","Childhood Name","test","Math"
"16","4@a.com","asdfg","test","Childhood Name","test","Math"
"17","5@a.com","asdfg","test","Childhood Name","test","Math"
"18","6@a.com","asdfg","test","Childhood Name","test","Math"
"19","p1@test.com","asdfg","test","Childhood Name","test","Math"
